image,pred1,conf1,pred2,conf2,pred3,conf3
n09835506_9978,cap,0.10000000149011612,shirt,0.20000000298023224,belt,0.30000001192092896
n09835506_9987,pants,0.699999988079071,shirt,0.800000011920929,cap,0.8999999761581421
n09835506_9982,shirt,0.4000000059604645,helmet,0.6000000238418579,gloves,0.6000000238418579
